{
   "max_completion_time": {
                             "2": 308,
                             "3": 307,
                             "1": 306.90000000000146
                          },
                  "name": "C101-25",
            "solve_time": 7.766999959945679,
          "relative_gap": 0,
                 "route": {
                             "2": [
                                    0,
                                    15,
                                    19,
                                    16,
                                    1,
                                    5,
                                    3,
                                    25,
                                    0
                                  ],
                             "3": [
                                    0,
                                    14,
                                    21,
                                    9,
                                    10,
                                    11,
                                    4,
                                    6,
                                    13,
                                    17,
                                    18,
                                    0
                                  ],
                             "1": [
                                    0,
                                    2,
                                    22,
                                    23,
                                    12,
                                    8,
                                    20,
                                    24,
                                    7,
                                    0
                                  ]
                          },
          "obj_function": 2.1999999999970896,
             "total_com": 10534.900000000001,
           "num_vehicle": 3,
           "solver_name": "CPLEX",
                   "tex": "vehicle 1: [0, 2, 22, 23, 12, 8, 20, 24, 7, 0]\nvehicle 2: [0, 15, 19, 16, 1, 5, 3, 25, 0]\nvehicle 3: [0, 14, 21, 9, 10, 11, 4, 6, 13, 17, 18, 0]\n"
}