{
   "max_completion_time": {
                             "2": 90,
                             "3": 90,
                             "1": 90
                          },
                  "name": "C103-25",
            "solve_time": 0.6369998455047607,
          "relative_gap": 0,
                 "route": {
                             "2": [
                                    0,
                                    16,
                                    12,
                                    23,
                                    20,
                                    9,
                                    17,
                                    1,
                                    2,
                                    11,
                                    5,
                                    0
                                  ],
                             "3": [
                                    0,
                                    6,
                                    3,
                                    21,
                                    7,
                                    25,
                                    4,
                                    18,
                                    0
                                  ],
                             "1": [
                                    0,
                                    8,
                                    15,
                                    14,
                                    10,
                                    13,
                                    22,
                                    19,
                                    24,
                                    0
                                  ]
                          },
          "obj_function": 0,
             "total_com": 6580.0999999999985,
           "num_vehicle": 3,
           "solver_name": "CPLEX",
                   "tex": "vehicle 1: [0, 8, 15, 14, 10, 13, 22, 19, 24, 0]\nvehicle 2: [0, 16, 12, 23, 20, 9, 17, 1, 2, 11, 5, 0]\nvehicle 3: [0, 6, 3, 21, 7, 25, 4, 18, 0]\n"
}