{
   "max_completion_time": {
                             "2": 90.00000000000001,
                             "3": 90.00000000000001,
                             "1": 90.00000000000001
                          },
                  "name": "C104-25",
            "solve_time": 0.44900012016296387,
          "relative_gap": 0,
                 "route": {
                             "2": [
                                    0,
                                    9,
                                    16,
                                    14,
                                    3,
                                    13,
                                    8,
                                    23,
                                    17,
                                    21,
                                    0
                                  ],
                             "3": [
                                    0,
                                    11,
                                    25,
                                    2,
                                    20,
                                    24,
                                    5,
                                    7,
                                    12,
                                    6,
                                    10,
                                    0
                                  ],
                             "1": [
                                    0,
                                    18,
                                    22,
                                    4,
                                    15,
                                    1,
                                    19,
                                    0
                                  ]
                          },
          "obj_function": 0,
             "total_com": 3279,
           "num_vehicle": 3,
           "solver_name": "CPLEX",
                   "tex": "vehicle 1: [0, 18, 22, 4, 15, 1, 19, 0]\nvehicle 2: [0, 9, 16, 14, 3, 13, 8, 23, 17, 21, 0]\nvehicle 3: [0, 11, 25, 2, 20, 24, 5, 7, 12, 6, 10, 0]\n"
}