{
   "max_completion_time": {
                             "2": 848,
                             "3": 848,
                             "1": 848
                          },
                  "name": "C107-25",
            "solve_time": 20.322999954223633,
          "relative_gap": 0,
                 "route": {
                             "2": [
                                    0,
                                    20,
                                    1,
                                    21,
                                    25,
                                    23,
                                    24,
                                    12,
                                    11,
                                    19,
                                    5,
                                    22,
                                    0
                                  ],
                             "3": [
                                    0,
                                    3,
                                    18,
                                    7,
                                    10,
                                    15,
                                    14,
                                    6,
                                    4,
                                    0
                                  ],
                             "1": [
                                    0,
                                    16,
                                    9,
                                    13,
                                    17,
                                    8,
                                    2,
                                    0
                                  ]
                          },
          "obj_function": 0,
             "total_com": 9569.699999999997,
           "num_vehicle": 3,
           "solver_name": "CPLEX",
                   "tex": "vehicle 1: [0, 16, 9, 13, 17, 8, 2, 0]\nvehicle 2: [0, 20, 1, 21, 25, 23, 24, 12, 11, 19, 5, 22, 0]\nvehicle 3: [0, 3, 18, 7, 10, 15, 14, 6, 4, 0]\n"
}